id;file_name;file_type;file_desc
1;Object-based Chicken Total;synergies Cotton silver;Account aggregate backing
2;Ethiopia Washington Awesome;Viaduct;instruction Lakes Ridges
3;RSS redefine Sausages;back-end;Enterprise-wide RAM
4;Berkshire yellow array;state;24/365 wireless neural
5;Andorra;Lari Venezuela Track;Bedfordshire Parks United
6;infrastructure payment;Loan Specialist Sausages;Track synergies Sharable
7;Solutions neural;Loan;cross-platform
8;Cambridgeshire Phased SMS;Lari;copy Dollar
9;Portugal artificial indigo;Buckinghamshire Future Plastic;Cambridgeshire
10;invoice RSS;systems;protocol Brand
